Project_name,URL,stars
mkirchner/gc,https://github.com/mkirchner/gc,1006
miao1007/Openwrt-NetKeeper,https://github.com/miao1007/Openwrt-NetKeeper,1007
libusb/hidapi,https://github.com/libusb/hidapi,1009
scottcgi/Mojoc,https://github.com/scottcgi/Mojoc,1012
ninia/jep,https://github.com/ninia/jep,1017
open5gs/open5gs,https://github.com/open5gs/open5gs,1021
xiph/flac,https://github.com/xiph/flac,1029
csound/csound,https://github.com/csound/csound,1030
zeromq/czmq,https://github.com/zeromq/czmq,1033
libssh2/libssh2,https://github.com/libssh2/libssh2,1033
zpl-c/librg,https://github.com/zpl-c/librg,1034
vurtun/lib,https://github.com/vurtun/lib,1035
laruence/yaconf,https://github.com/laruence/yaconf,1037
doonny/PipeCNN,https://github.com/doonny/PipeCNN,1037
vergoh/vnstat,https://github.com/vergoh/vnstat,1039
kuba--/zip,https://github.com/kuba--/zip,1040
yitter/IdGenerator,https://github.com/yitter/IdGenerator,1043
HVML/PurC,https://github.com/HVML/PurC,1050
mupen64plus/mupen64plus-core,https://github.com/mupen64plus/mupen64plus-core,1052
tj/mon,https://github.com/tj/mon,1053
jkuhlmann/cgltf,https://github.com/jkuhlmann/cgltf,1057
mytechnotalent/Hacking-Windows,https://github.com/mytechnotalent/Hacking-Windows,1058
switchbrew/libnx,https://github.com/switchbrew/libnx,1059
libsndfile/libsndfile,https://github.com/libsndfile/libsndfile,1060
open-quantum-safe/liboqs,https://github.com/open-quantum-safe/liboqs,1067
tanakh/cmdline,https://github.com/tanakh/cmdline,1067
atomvm/AtomVM,https://github.com/atomvm/AtomVM,1068
linux-nvme/nvme-cli,https://github.com/linux-nvme/nvme-cli,1069
grimfang4/sdl-gpu,https://github.com/grimfang4/sdl-gpu,1073
traildb/traildb,https://github.com/traildb/traildb,1073
vonzhou/CSAPP,https://github.com/vonzhou/CSAPP,1077
jmcnamara/libxlsxwriter,https://github.com/jmcnamara/libxlsxwriter,1084
mattiasgustavsson/libs,https://github.com/mattiasgustavsson/libs,1095
haywire/haywire,https://github.com/haywire/haywire,1097
RoaringBitmap/CRoaring,https://github.com/RoaringBitmap/CRoaring,1098
espressif/esp32-camera,https://github.com/espressif/esp32-camera,1102
eclipse/paho.mqtt.embedded-c,https://github.com/eclipse/paho.mqtt.embedded-c,1104
angband/angband,https://github.com/angband/angband,1108
dariomanesku/cmftStudio,https://github.com/dariomanesku/cmftStudio,1112
metacall/core,https://github.com/metacall/core,1119
pi-hole/FTL,https://github.com/pi-hole/FTL,1122
andrei-markeev/ts2c,https://github.com/andrei-markeev/ts2c,1123
posva/catimg,https://github.com/posva/catimg,1124
belangeo/pyo,https://github.com/belangeo/pyo,1126
profanity-im/profanity,https://github.com/profanity-im/profanity,1128
Cyan4973/FiniteStateEntropy,https://github.com/Cyan4973/FiniteStateEntropy,1131
gentilkiwi/kekeo,https://github.com/gentilkiwi/kekeo,1144
m0nad/Diamorphine,https://github.com/m0nad/Diamorphine,1149
LIJI32/SameBoy,https://github.com/LIJI32/SameBoy,1151
libimobiledevice/usbmuxd,https://github.com/libimobiledevice/usbmuxd,1151
zlib-ng/zlib-ng,https://github.com/zlib-ng/zlib-ng,1157
chentao0707/QrCodeScan,https://github.com/chentao0707/QrCodeScan,1157
kgabis/parson,https://github.com/kgabis/parson,1159
alexfru/SmallerC,https://github.com/alexfru/SmallerC,1165
hfiref0x/KDU,https://github.com/hfiref0x/KDU,1166
mltframework/mlt,https://github.com/mltframework/mlt,1166
bloomberg/comdb2,https://github.com/bloomberg/comdb2,1173
nfs-ganesha/nfs-ganesha,https://github.com/nfs-ganesha/nfs-ganesha,1176
armink/CmBacktrace,https://github.com/armink/CmBacktrace,1188
cnlohr/channel3,https://github.com/cnlohr/channel3,1195
brektrou/rtl8821CU,https://github.com/brektrou/rtl8821CU,1197
json-parser/json-parser,https://github.com/json-parser/json-parser,1201
miniupnp/miniupnp,https://github.com/miniupnp/miniupnp,1203
hfiref0x/WinObjEx64,https://github.com/hfiref0x/WinObjEx64,1210
joan2937/pigpio,https://github.com/joan2937/pigpio,1211
Visgean/Zeus,https://github.com/Visgean/Zeus,1214
ands/lightmapper,https://github.com/ands/lightmapper,1216
armon/bloomd,https://github.com/armon/bloomd,1220
free-audio/clap,https://github.com/free-audio/clap,1221
rui314/minilisp,https://github.com/rui314/minilisp,1232
brenns10/lsh,https://github.com/brenns10/lsh,1233
session-replay-tools/cetus,https://github.com/session-replay-tools/cetus,1234
shiyanhui/libcsp,https://github.com/shiyanhui/libcsp,1235
trailofbits/ctf,https://github.com/trailofbits/ctf,1245
apple/swift-crypto,https://github.com/apple/swift-crypto,1248
Bumblebee-Project/Bumblebee,https://github.com/Bumblebee-Project/Bumblebee,1257
jbruchon/jdupes,https://github.com/jbruchon/jdupes,1260
h3xduck/TripleCross,https://github.com/h3xduck/TripleCross,1262
TinyCC/tinycc,https://github.com/TinyCC/tinycc,1265
taf2/curb,https://github.com/taf2/curb,1266
RRZE-HPC/likwid,https://github.com/RRZE-HPC/likwid,1277
danielwaterworth/Raphters,https://github.com/danielwaterworth/Raphters,1278
SpenceKonde/ATTinyCore,https://github.com/SpenceKonde/ATTinyCore,1278
letoram/arcan,https://github.com/letoram/arcan,1280
samtools/samtools,https://github.com/samtools/samtools,1286
codeplea/genann,https://github.com/codeplea/genann,1291
cyring/CoreFreq,https://github.com/cyring/CoreFreq,1291
eclipse/mraa,https://github.com/eclipse/mraa,1295
Stephane-D/SGDK,https://github.com/Stephane-D/SGDK,1305
libtom/libtomcrypt,https://github.com/libtom/libtomcrypt,1311
systemd/casync,https://github.com/systemd/casync,1316
pbatard/libwdi,https://github.com/pbatard/libwdi,1321
nfc-tools/libnfc,https://github.com/nfc-tools/libnfc,1324
asterisk/asterisk,https://github.com/asterisk/asterisk,1346
Softmotions/ejdb,https://github.com/Softmotions/ejdb,1347
protocolbuffers/upb,https://github.com/protocolbuffers/upb,1349
pret/pokeemerald,https://github.com/pret/pokeemerald,1353
cesanta/v7,https://github.com/cesanta/v7,1362
zrythm/zrythm,https://github.com/zrythm/zrythm,1365
silentbicycle/greatest,https://github.com/silentbicycle/greatest,1368
tomaspinho/rtl8821ce,https://github.com/tomaspinho/rtl8821ce,1374
buserror/simavr,https://github.com/buserror/simavr,1375
signalapp/libsignal-protocol-c,https://github.com/signalapp/libsignal-protocol-c,1382
commonmark/cmark,https://github.com/commonmark/cmark,1388
rxi/dyad,https://github.com/rxi/dyad,1390
ThakeeNathees/pocketlang,https://github.com/ThakeeNathees/pocketlang,1397
iPlug2/iPlug2,https://github.com/iPlug2/iPlug2,1413
Harvey-OS/harvey,https://github.com/Harvey-OS/harvey,1413
jarikomppa/soloud,https://github.com/jarikomppa/soloud,1413
rsta2/circle,https://github.com/rsta2/circle,1414
gurnec/HashCheck,https://github.com/gurnec/HashCheck,1414
vinniefalco/LuaBridge,https://github.com/vinniefalco/LuaBridge,1415
laruence/yar,https://github.com/laruence/yar,1416
sahib/rmlint,https://github.com/sahib/rmlint,1419
proot-me/proot,https://github.com/proot-me/proot,1450
brianmario/yajl-ruby,https://github.com/brianmario/yajl-ruby,1451
emweb/wt,https://github.com/emweb/wt,1455
igraph/igraph,https://github.com/igraph/igraph,1458
opsengine/cpulimit,https://github.com/opsengine/cpulimit,1462
rougier/freetype-gl,https://github.com/rougier/freetype-gl,1464
emsec/ChameleonMini,https://github.com/emsec/ChameleonMini,1468
Pithikos/C-Thread-Pool,https://github.com/Pithikos/C-Thread-Pool,1471
MarlinFirmware/Configurations,https://github.com/MarlinFirmware/Configurations,1490
liballeg/allegro5,https://github.com/liballeg/allegro5,1504
ZerBea/hcxtools,https://github.com/ZerBea/hcxtools,1518
symisc/sod,https://github.com/symisc/sod,1520
owntone/owntone-server,https://github.com/owntone/owntone-server,1534
recp/cglm,https://github.com/recp/cglm,1537
sdlpal/sdlpal,https://github.com/sdlpal/sdlpal,1541
droe/sslsplit,https://github.com/droe/sslsplit,1547
gloxec/CrossC2,https://github.com/gloxec/CrossC2,1549
lexborisov/myhtml,https://github.com/lexborisov/myhtml,1553
cgdb/cgdb,https://github.com/cgdb/cgdb,1556
Dr-Noob/cpufetch,https://github.com/Dr-Noob/cpufetch,1556
mkirchner/linked-list-good-taste,https://github.com/mkirchner/linked-list-good-taste,1561
orangeduck/Corange,https://github.com/orangeduck/Corange,1564
h2o/picohttpparser,https://github.com/h2o/picohttpparser,1564
cloudwu/pbc,https://github.com/cloudwu/pbc,1569
SRombauts/SQLiteCpp,https://github.com/SRombauts/SQLiteCpp,1571
bitcoin-core/secp256k1,https://github.com/bitcoin-core/secp256k1,1579
taviso/ctftool,https://github.com/taviso/ctftool,1589
matrixcascade/PainterEngine,https://github.com/matrixcascade/PainterEngine,1598
richgel999/miniz,https://github.com/richgel999/miniz,1603
apple/cups,https://github.com/apple/cups,1605
open-mpi/ompi,https://github.com/open-mpi/ompi,1606
Lora-net/LoRaMac-node,https://github.com/Lora-net/LoRaMac-node,1613
xiph/opus,https://github.com/xiph/opus,1616
mvp/uhubctl,https://github.com/mvp/uhubctl,1618
sustrik/libdill,https://github.com/sustrik/libdill,1619
mgerdes/Open-Golf,https://github.com/mgerdes/Open-Golf,1620
andrewrk/libsoundio,https://github.com/andrewrk/libsoundio,1630
boazsegev/facil.io,https://github.com/boazsegev/facil.io,1653
mjansson/rpmalloc,https://github.com/mjansson/rpmalloc,1658
Snaipe/Criterion,https://github.com/Snaipe/Criterion,1666
facebookarchive/libphenom,https://github.com/facebookarchive/libphenom,1667
luke-jr/bfgminer,https://github.com/luke-jr/bfgminer,1673
vnmakarov/mir,https://github.com/vnmakarov/mir,1676
rapiz1/DungeonRush,https://github.com/rapiz1/DungeonRush,1677
cesanta/mjs,https://github.com/cesanta/mjs,1686
coreboot/coreboot,https://github.com/coreboot/coreboot,1687
rspamd/rspamd,https://github.com/rspamd/rspamd,1691
rui314/9cc,https://github.com/rui314/9cc,1694
citusdata/cstore_fdw,https://github.com/citusdata/cstore_fdw,1696
rsyslog/rsyslog,https://github.com/rsyslog/rsyslog,1698
PromyLOPh/pianobar,https://github.com/PromyLOPh/pianobar,1703
drh/lcc,https://github.com/drh/lcc,1705
crownengine/crown,https://github.com/crownengine/crown,1706
linux-can/can-utils,https://github.com/linux-can/can-utils,1722
HardySimpson/zlog,https://github.com/HardySimpson/zlog,1739
syslog-ng/syslog-ng,https://github.com/syslog-ng/syslog-ng,1739
FreeRADIUS/freeradius-server,https://github.com/FreeRADIUS/freeradius-server,1744
nullsecuritynet/tools,https://github.com/nullsecuritynet/tools,1765
hpjansson/chafa,https://github.com/hpjansson/chafa,1769
distcc/distcc,https://github.com/distcc/distcc,1778
symisc/unqlite,https://github.com/symisc/unqlite,1783
tezc/sc,https://github.com/tezc/sc,1788
citusdata/pg_cron,https://github.com/citusdata/pg_cron,1797
statsite/statsite,https://github.com/statsite/statsite,1802
bats3c/shad0w,https://github.com/bats3c/shad0w,1812
cc65/cc65,https://github.com/cc65/cc65,1815
skywind3000/mini3d,https://github.com/skywind3000/mini3d,1841
slembcke/Chipmunk2D,https://github.com/slembcke/Chipmunk2D,1857
kkos/oniguruma,https://github.com/kkos/oniguruma,1872
benhoyt/inih,https://github.com/benhoyt/inih,1878
InfiniTimeOrg/InfiniTime,https://github.com/InfiniTimeOrg/InfiniTime,1887
rvaiya/warpd,https://github.com/rvaiya/warpd,1889
davidmoreno/onion,https://github.com/davidmoreno/onion,1892
linux-test-project/ltp,https://github.com/linux-test-project/ltp,1899
vmg/sundown,https://github.com/vmg/sundown,1918
containers/crun,https://github.com/containers/crun,1921
altdesktop/playerctl,https://github.com/altdesktop/playerctl,1921
okbob/pspg,https://github.com/okbob/pspg,1925
fwupd/fwupd,https://github.com/fwupd/fwupd,1940
brendan-rius/c-jwt-cracker,https://github.com/brendan-rius/c-jwt-cracker,1948
open62541/open62541,https://github.com/open62541/open62541,1967
cloudwu/coroutine,https://github.com/cloudwu/coroutine,2174
ivmai/bdwgc,https://github.com/ivmai/bdwgc,2176
nigels-com/glew,https://github.com/nigels-com/glew,2183
NetHack/NetHack,https://github.com/NetHack/NetHack,2185
networkprotocol/yojimbo,https://github.com/networkprotocol/yojimbo,2194
vifm/vifm,https://github.com/vifm/vifm,2223
civetweb/civetweb,https://github.com/civetweb/civetweb,2239
namhyung/uftrace,https://github.com/namhyung/uftrace,2254
apple/swift-corelibs-libdispatch,https://github.com/apple/swift-corelibs-libdispatch,2264
ibireme/yyjson,https://github.com/ibireme/yyjson,2266
tvheadend/tvheadend,https://github.com/tvheadend/tvheadend,2270
apache/guacamole-server,https://github.com/apache/guacamole-server,2283
madMAx43v3r/chia-plotter,https://github.com/madMAx43v3r/chia-plotter,2314
cesanta/mongoose-os,https://github.com/cesanta/mongoose-os,2330
orangeduck/mpc,https://github.com/orangeduck/mpc,2388
sysstat/sysstat,https://github.com/sysstat/sysstat,2404
Celtoys/Remotery,https://github.com/Celtoys/Remotery,2413
Cisco-Talos/clamav,https://github.com/Cisco-Talos/clamav,2413
tj/luna,https://github.com/tj/luna,2444
cleanflight/cleanflight,https://github.com/cleanflight/cleanflight,2458
acl-dev/acl,https://github.com/acl-dev/acl,2463
stephane/libmodbus,https://github.com/stephane/libmodbus,2478
dankamongmen/notcurses,https://github.com/dankamongmen/notcurses,2491
mackron/miniaudio,https://github.com/mackron/miniaudio,2538
json-c/json-c,https://github.com/json-c/json-c,2565
premake/premake-core,https://github.com/premake/premake-core,2577
weechat/weechat,https://github.com/weechat/weechat,2577
zyantific/zydis,https://github.com/zyantific/zydis,2580
gozfree/gear-lib,https://github.com/gozfree/gear-lib,2596
janet-lang/janet,https://github.com/janet-lang/janet,2610
armink/EasyLogger,https://github.com/armink/EasyLogger,2623
quickjs-zh/QuickJS,https://github.com/quickjs-zh/QuickJS,2628
sustrik/libmill,https://github.com/sustrik/libmill,2632
jhawthorn/fzy,https://github.com/jhawthorn/fzy,2633
neomutt/neomutt,https://github.com/neomutt/neomutt,2645
google/honggfuzz,https://github.com/google/honggfuzz,2665
akheron/jansson,https://github.com/akheron/jansson,2706
inotify-tools/inotify-tools,https://github.com/inotify-tools/inotify-tools,2706
philippe44/AirConnect,https://github.com/philippe44/AirConnect,2761
microsoft/checkedc,https://github.com/microsoft/checkedc,2767
ThrowTheSwitch/Unity,https://github.com/ThrowTheSwitch/Unity,2768
hexchat/hexchat,https://github.com/hexchat/hexchat,2775
NVIDIA/cuda-samples,https://github.com/NVIDIA/cuda-samples,2778
vozlt/nginx-module-vts,https://github.com/vozlt/nginx-module-vts,2786
xiph/rnnoise,https://github.com/xiph/rnnoise,2794
westes/flex,https://github.com/westes/flex,2799
3proxy/3proxy,https://github.com/3proxy/3proxy,2799
collectd/collectd,https://github.com/collectd/collectd,2801
Dav1dde/glad,https://github.com/Dav1dde/glad,2804
aubio/aubio,https://github.com/aubio/aubio,2834
karlstav/cava,https://github.com/karlstav/cava,2834
jonashaag/bjoern,https://github.com/jonashaag/bjoern,2861
lastpass/lastpass-cli,https://github.com/lastpass/lastpass-cli,2867
ohler55/oj,https://github.com/ohler55/oj,2932
abishekvashok/cmatrix,https://github.com/abishekvashok/cmatrix,2960
Mzzopublic/C,https://github.com/Mzzopublic/C,2977
jakogut/tinyvm,https://github.com/jakogut/tinyvm,2977
mridgers/clink,https://github.com/mridgers/clink,2984
stellar/stellar-core,https://github.com/stellar/stellar-core,3019
varnishcache/varnish-cache,https://github.com/varnishcache/varnish-cache,3104
microsoft/msquic,https://github.com/microsoft/msquic,3111
iqiyi/xCrash,https://github.com/iqiyi/xCrash,3156
cmusphinx/pocketsphinx,https://github.com/cmusphinx/pocketsphinx,3168
hnes/libaco,https://github.com/hnes/libaco,3175
coreutils/coreutils,https://github.com/coreutils/coreutils,3176
plasma-umass/coz,https://github.com/plasma-umass/coz,3216
nanopb/nanopb,https://github.com/nanopb/nanopb,3247
troydhanson/uthash,https://github.com/troydhanson/uthash,3259
acassen/keepalived,https://github.com/acassen/keepalived,3284
tianocore/edk2,https://github.com/tianocore/edk2,3302
dvorka/hstr,https://github.com/dvorka/hstr,3355
kokke/tiny-AES-c,https://github.com/kokke/tiny-AES-c,3356
SanderMertens/flecs,https://github.com/SanderMertens/flecs,3369
gnea/grbl,https://github.com/gnea/grbl,3448
dunst-project/dunst,https://github.com/dunst-project/dunst,3485
jagt/clumsy,https://github.com/jagt/clumsy,3497
contiki-os/contiki,https://github.com/contiki-os/contiki,3514
torproject/tor,https://github.com/torproject/tor,3523
jorisvink/kore,https://github.com/jorisvink/kore,3546
zpoint/CPython-Internals,https://github.com/zpoint/CPython-Internals,3547
openvenues/libpostal,https://github.com/openvenues/libpostal,3608
RandyGaul/cute_headers,https://github.com/RandyGaul/cute_headers,3653
attractivechaos/klib,https://github.com/attractivechaos/klib,3666
warmcat/libwebsockets,https://github.com/warmcat/libwebsockets,3713
lc-soft/LCUI,https://github.com/lc-soft/LCUI,3858
gluster/glusterfs,https://github.com/gluster/glusterfs,3886
lxc/lxc,https://github.com/lxc/lxc,3892
martanne/vis,https://github.com/martanne/vis,3894
ultrajson/ultrajson,https://github.com/ultrajson/ultrajson,3895
Netflix/dynomite,https://github.com/Netflix/dynomite,4004
antirez/sds,https://github.com/antirez/sds,4046
floooh/sokol,https://github.com/floooh/sokol,4057
marcobambini/gravity,https://github.com/marcobambini/gravity,4081
libusb/libusb,https://github.com/libusb/libusb,4092
fluent/fluent-bit,https://github.com/fluent/fluent-bit,4150
nbs-system/naxsi,https://github.com/nbs-system/naxsi,4183
neutrinolabs/xrdp,https://github.com/neutrinolabs/xrdp,4188
tboox/tbox,https://github.com/tboox/tbox,4195
aws/s2n-tls,https://github.com/aws/s2n-tls,4219
htop-dev/htop,https://github.com/htop-dev/htop,4315
RIOT-OS/RIOT,https://github.com/RIOT-OS/RIOT,4318
hsoft/collapseos,https://github.com/hsoft/collapseos,4382
clibs/clib,https://github.com/clibs/clib,4440
laruence/yaf,https://github.com/laruence/yaf,4489
veracrypt/VeraCrypt,https://github.com/veracrypt/VeraCrypt,4491
kornelski/pngquant,https://github.com/kornelski/pngquant,4497
dokan-dev/dokany,https://github.com/dokan-dev/dokany,4506
colmap/colmap,https://github.com/colmap/colmap,4624
ravynsoft/ravynos,https://github.com/ravynsoft/ravynos,4644
cmus/cmus,https://github.com/cmus/cmus,4767
hfiref0x/UACME,https://github.com/hfiref0x/UACME,4779
grbl/grbl,https://github.com/grbl/grbl,4829
peng-zhihui/HoloCubic,https://github.com/peng-zhihui/HoloCubic,4837
ithewei/libhv,https://github.com/ithewei/libhv,4900
cjdelisle/cjdns,https://github.com/cjdelisle/cjdns,4939
ldcsaa/HP-Socket,https://github.com/ldcsaa/HP-Socket,4968
CameraKit/camerakit-android,https://github.com/CameraKit/camerakit-android,5226
universal-ctags/ctags,https://github.com/universal-ctags/ctags,5277
Kitware/CMake,https://github.com/Kitware/CMake,5290
libimobiledevice/libimobiledevice,https://github.com/libimobiledevice/libimobiledevice,5308
klange/toaruos,https://github.com/klange/toaruos,5309
pygame/pygame,https://github.com/pygame/pygame,5498
redis/hiredis,https://github.com/redis/hiredis,5514
lpereira/lwan,https://github.com/lpereira/lwan,5685
hishamhm/htop,https://github.com/hishamhm/htop,5736
rui314/8cc,https://github.com/rui314/8cc,5753
orangeduck/Cello,https://github.com/orangeduck/Cello,5998
capstone-engine/capstone,https://github.com/capstone-engine/capstone,6019
nodejs/http-parser,https://github.com/nodejs/http-parser,6120
microsoft/WinObjC,https://github.com/microsoft/WinObjC,6188
mattn/go-sqlite3,https://github.com/mattn/go-sqlite3,6217
edenhill/librdkafka,https://github.com/edenhill/librdkafka,6338
pocoproject/poco,https://github.com/pocoproject/poco,6532
peng-zhihui/L-ink_Card,https://github.com/peng-zhihui/L-ink_Card,6746
Cyan4973/xxHash,https://github.com/Cyan4973/xxHash,6806
catboost/catboost,https://github.com/catboost/catboost,6823
Wind4/vlmcsd,https://github.com/Wind4/vlmcsd,6843
rui314/chibicc,https://github.com/rui314/chibicc,6858
liuliu/ccv,https://github.com/liuliu/ccv,6903
openwall/john,https://github.com/openwall/john,7056
libretro/RetroArch,https://github.com/libretro/RetroArch,7286
DoctorWkt/acwj,https://github.com/DoctorWkt/acwj,7367
libvips/libvips,https://github.com/libvips/libvips,7417
cockpit-project/cockpit,https://github.com/cockpit-project/cockpit,7551
citusdata/citus,https://github.com/citusdata/citus,7612
FreeRDP/FreeRDP,https://github.com/FreeRDP/FreeRDP,7624
lz4/lz4,https://github.com/lz4/lz4,7779
rswier/c4,https://github.com/rswier/c4,7949
krallin/tini,https://github.com/krallin/tini,8012
Tencent/xLua,https://github.com/Tencent/xLua,8090
DaveGamble/cJSON,https://github.com/DaveGamble/cJSON,8170
winsiderss/systeminformer,https://github.com/winsiderss/systeminformer,8241
coturn/coturn,https://github.com/coturn/coturn,8489
libgit2/libgit2,https://github.com/libgit2/libgit2,8790
sumatrapdfreader/sumatrapdf,https://github.com/sumatrapdfreader/sumatrapdf,9190
libevent/libevent,https://github.com/libevent/libevent,9355
fogleman/Craft,https://github.com/fogleman/Craft,9513
phpredis/phpredis,https://github.com/phpredis/phpredis,9527
glfw/glfw,https://github.com/glfw/glfw,9895
jart/cosmopolitan,https://github.com/jart/cosmopolitan,9936
videolan/vlc,https://github.com/videolan/vlc,9941
davatorium/rofi,https://github.com/davatorium/rofi,10287
andlabs/libui,https://github.com/andlabs/libui,10353
systemd/systemd,https://github.com/systemd/systemd,10414
acidanthera/OpenCorePkg,https://github.com/acidanthera/OpenCorePkg,10550
jedisct1/libsodium,https://github.com/jedisct1/libsodium,10602
webview/webview,https://github.com/webview/webview,10684
lvgl/lvgl,https://github.com/lvgl/lvgl,10827
raysan5/raylib,https://github.com/raysan5/raylib,11157
jonas/tig,https://github.com/jonas/tig,11344
reactos/reactos,https://github.com/reactos/reactos,11708
s-matyukevich/raspberry-pi-os,https://github.com/s-matyukevich/raspberry-pi-os,11862
skywind3000/kcp,https://github.com/skywind3000/kcp,11915
qmk/qmk_firmware,https://github.com/qmk/qmk_firmware,13841
jarun/nnn,https://github.com/jarun/nnn,15303
allinurl/goaccess,https://github.com/allinurl/goaccess,15471
hashcat/hashcat,https://github.com/hashcat/hashcat,16171
radareorg/radare2,https://github.com/radareorg/radare2,17217
openssl/openssl,https://github.com/openssl/openssl,20281
nothings/stb,https://github.com/nothings/stb,20492
mpv-player/mpv,https://github.com/mpv-player/mpv,20798
pbatard/rufus,https://github.com/pbatard/rufus,20915
ggreer/the_silver_searcher,https://github.com/ggreer/the_silver_searcher,24365
curl/curl,https://github.com/curl/curl,27587
FFmpeg/FFmpeg,https://github.com/FFmpeg/FFmpeg,32931
php/php-src,https://github.com/php/php-src,34656
obsproject/obs-studio,https://github.com/obsproject/obs-studio,43309
git/git,https://github.com/git/git,44410
Genymobile/scrcpy,https://github.com/Genymobile/scrcpy,73614
apache/beam,https://github.com/apache/beam,5545
apache/zeppelin,https://github.com/apache/zeppelin,5694
google/j2objc,https://github.com/google/j2objc,5880
google/error-prone,https://github.com/google/error-prone,5973
apache/tomcat,https://github.com/apache/tomcat,6070
apache/jmeter,https://github.com/apache/jmeter,6178
apache/incubator-shenyu,https://github.com/apache/incubator-shenyu,6259
apache/storm,https://github.com/apache/storm,6361
google/android-classyshark,https://github.com/google/android-classyshark,7040
apache/cassandra,https://github.com/apache/cassandra,7312
facebook/buck,https://github.com/facebook/buck,8287
cats-oss/android-gpuimage,https://github.com/cats-oss/android-gpuimage,8407
stanfordnlp/CoreNLP,https://github.com/stanfordnlp/CoreNLP,8496
Activiti/Activiti,https://github.com/Activiti/Activiti,8601
google/auto,https://github.com/google/auto,9746
apache/zookeeper,https://github.com/apache/zookeeper,10525
antlr/antlr4,https://github.com/antlr/antlr4,12258
eclipse/deeplearning4j,https://github.com/eclipse/deeplearning4j,12491
mockito/mockito,https://github.com/mockito/mockito,12969
openjdk/jdk,https://github.com/openjdk/jdk,13236
oracle/graal,https://github.com/oracle/graal,17086
apache/flink,https://github.com/apache/flink,19036
alibaba/Sentinel,https://github.com/alibaba/Sentinel,19181
google/ExoPlayer,https://github.com/google/ExoPlayer,19369
google/gson,https://github.com/google/gson,20982
alibaba/spring-cloud-alibaba,https://github.com/alibaba/spring-cloud-alibaba,22498
alibaba/easyexcel,https://github.com/alibaba/easyexcel,23682
alibaba/fastjson,https://github.com/alibaba/fastjson,24631
dbeaver/dbeaver,https://github.com/dbeaver/dbeaver,26702
alibaba/arthas,https://github.com/alibaba/arthas,29296
apache/dubbo,https://github.com/apache/dubbo,37353
google/guava,https://github.com/google/guava,44743
elastic/elasticsearch,https://github.com/elastic/elasticsearch,59813
spring-projects/spring-boot,https://github.com/spring-projects/spring-boot,61490
DenisCarriere/geocoder,https://github.com/DenisCarriere/geocoder,1500
kurtmckee/feedparser,https://github.com/kurtmckee/feedparser,1514
evennia/evennia,https://github.com/evennia/evennia,1527
JulienPalard/Pipe,https://github.com/JulienPalard/Pipe,1540
coin-or/pulp,https://github.com/coin-or/pulp,1541
PyWavelets/pywt,https://github.com/PyWavelets/pywt,1560
petertodd/python-bitcoinlib,https://github.com/petertodd/python-bitcoinlib,1566
markfinger/python-react,https://github.com/markfinger/python-react,1567
yinkaisheng/Python-UIAutomation-for-Windows,https://github.com/yinkaisheng/Python-UIAutomation-for-Windows,1593
hyde/hyde,https://github.com/hyde/hyde,1605
twilio/twilio-python,https://github.com/twilio/twilio-python,1629
fossasia/pslab-python,https://github.com/fossasia/pslab-python,1633
influxdata/influxdb-python,https://github.com/influxdata/influxdb-python,1635
scanny/python-pptx,https://github.com/scanny/python-pptx,1642
pndurette/gTTS,https://github.com/pndurette/gTTS,1665
jtpereyda/boofuzz,https://github.com/jtpereyda/boofuzz,1666
riptideio/pymodbus,https://github.com/riptideio/pymodbus,1668
CITGuru/PyInquirer,https://github.com/CITGuru/PyInquirer,1668
python-restx/flask-restx,https://github.com/python-restx/flask-restx,1674
TotallyNotChase/glitch-this,https://github.com/TotallyNotChase/glitch-this,1675
DedSecInside/TorBot,https://github.com/DedSecInside/TorBot,1677
getsentry/raven-python,https://github.com/getsentry/raven-python,1678
msgpack/msgpack-python,https://github.com/msgpack/msgpack-python,1681
stypr/clubhouse-py,https://github.com/stypr/clubhouse-py,1683
PythonOT/POT,https://github.com/PythonOT/POT,1684
coleifer/sqlite-web,https://github.com/coleifer/sqlite-web,1684
rentruewang/koila,https://github.com/rentruewang/koila,1686
pmaupin/pdfrw,https://github.com/pmaupin/pdfrw,1687
ucg8j/awesome-dash,https://github.com/ucg8j/awesome-dash,1687
imwilsonxu/fbone,https://github.com/imwilsonxu/fbone,1692
gak/pycallgraph,https://github.com/gak/pycallgraph,1693
tryolabs/norfair,https://github.com/tryolabs/norfair,1693
vwxyzjn/cleanrl,https://github.com/vwxyzjn/cleanrl,1696
mistio/mist-ce,https://github.com/mistio/mist-ce,1697
pyparsing/pyparsing,https://github.com/pyparsing/pyparsing,1701
Maratyszcza/PeachPy,https://github.com/Maratyszcza/PeachPy,1701
alisen39/TrWebOCR,https://github.com/alisen39/TrWebOCR,1702
tryolabs/requestium,https://github.com/tryolabs/requestium,1703
google/gin-config,https://github.com/google/gin-config,1704
pdfarranger/pdfarranger,https://github.com/pdfarranger/pdfarranger,1704
Suor/django-cacheops,https://github.com/Suor/django-cacheops,1707
tylerlaberge/PyPattyrn,https://github.com/tylerlaberge/PyPattyrn,1708
sansyrox/robyn,https://github.com/sansyrox/robyn,1711
kaxap/arl,https://github.com/kaxap/arl,1713
joshiemoore/snakeware,https://github.com/joshiemoore/snakeware,1714
sirfz/tesserocr,https://github.com/sirfz/tesserocr,1717
alejandroautalan/pygubu,https://github.com/alejandroautalan/pygubu,1718
JazzCore/python-pdfkit,https://github.com/JazzCore/python-pdfkit,1718
robinhood-unofficial/pyrh,https://github.com/robinhood-unofficial/pyrh,1719
OfflineIMAP/offlineimap,https://github.com/OfflineIMAP/offlineimap,1719
quantumblacklabs/causalnex,https://github.com/quantumblacklabs/causalnex,1721
kivymd/KivyMD,https://github.com/kivymd/KivyMD,1721
ilius/pyglossary,https://github.com/ilius/pyglossary,1722
tdryer/hangups,https://github.com/tdryer/hangups,1731
PyCQA/prospector,https://github.com/PyCQA/prospector,1733
mvantellingen/python-zeep,https://github.com/mvantellingen/python-zeep,1734
aws/sagemaker-python-sdk,https://github.com/aws/sagemaker-python-sdk,1739
openairplay/airplay2-receiver,https://github.com/openairplay/airplay2-receiver,1740
dbcli/litecli,https://github.com/dbcli/litecli,1741
Veil-Framework/Veil-Evasion,https://github.com/Veil-Framework/Veil-Evasion,1742
CGCookie/retopoflow,https://github.com/CGCookie/retopoflow,1748
eldraco/domain_analyzer,https://github.com/eldraco/domain_analyzer,1752
alecthomas/voluptuous,https://github.com/alecthomas/voluptuous,1752
eclipse/paho.mqtt.python,https://github.com/eclipse/paho.mqtt.python,1758
PyFilesystem/pyfilesystem2,https://github.com/PyFilesystem/pyfilesystem2,1782
SystemRage/py-kms,https://github.com/SystemRage/py-kms,1784
h5py/h5py,https://github.com/h5py/h5py,1798
johnwheeler/flask-ask,https://github.com/johnwheeler/flask-ask,1898
prabhupant/python-ds,https://github.com/prabhupant/python-ds,1912
python-gitlab/python-gitlab,https://github.com/python-gitlab/python-gitlab,1923
jstrieb/github-stats,https://github.com/jstrieb/github-stats,1930
DerwenAI/pytextrank,https://github.com/DerwenAI/pytextrank,1933
obheda12/GitDorker,https://github.com/obheda12/GitDorker,1933
yhenon/pytorch-retinanet,https://github.com/yhenon/pytorch-retinanet,1938
luka1199/geo-heatmap,https://github.com/luka1199/geo-heatmap,1938
IronLanguages/ironpython3,https://github.com/IronLanguages/ironpython3,1942
picklepete/pyicloud,https://github.com/picklepete/pyicloud,1943
lightly-ai/lightly,https://github.com/lightly-ai/lightly,1943
mdn/kuma,https://github.com/mdn/kuma,1944
dateutil/dateutil,https://github.com/dateutil/dateutil,1946
opsdisk/pagodo,https://github.com/opsdisk/pagodo,1949
shuup/shuup,https://github.com/shuup/shuup,1950
SublimeLinter/SublimeLinter,https://github.com/SublimeLinter/SublimeLinter,1952
corpnewt/ProperTree,https://github.com/corpnewt/ProperTree,1954
git-cola/git-cola,https://github.com/git-cola/git-cola,1955
mara/mara-pipelines,https://github.com/mara/mara-pipelines,1960
swaroopch/byte-of-python,https://github.com/swaroopch/byte-of-python,1961
JushuangQiao/Python-Offer,https://github.com/JushuangQiao/Python-Offer,1964
wger-project/wger,https://github.com/wger-project/wger,1974
casualsnek/cassowary,https://github.com/casualsnek/cassowary,1974
ckreibich/scholar.py,https://github.com/ckreibich/scholar.py,1975
texworld/tikzplotlib,https://github.com/texworld/tikzplotlib,1975
danijar/handout,https://github.com/danijar/handout,1981
Marten4n6/EvilOSX,https://github.com/Marten4n6/EvilOSX,1981
erdewit/ib_insync,https://github.com/erdewit/ib_insync,1982
piku/piku,https://github.com/piku/piku,1985
ross/requests-futures,https://github.com/ross/requests-futures,1988
abseil/abseil-py,https://github.com/abseil/abseil-py,1991
wrobstory/vincent,https://github.com/wrobstory/vincent,2043
pynamodb/PynamoDB,https://github.com/pynamodb/PynamoDB,2045
Kaggle/docker-python,https://github.com/Kaggle/docker-python,2050
achillean/shodan-python,https://github.com/achillean/shodan-python,2074
mne-tools/mne-python,https://github.com/mne-tools/mne-python,2078
thonny/thonny,https://github.com/thonny/thonny,2097
jameslyons/python_speech_features,https://github.com/jameslyons/python_speech_features,2185
andersbll/neural_artistic_style,https://github.com/andersbll/neural_artistic_style,2185
egrcc/zhihu-python,https://github.com/egrcc/zhihu-python,2209
ethan-funny/explore-python,https://github.com/ethan-funny/explore-python,2223
lxml/lxml,https://github.com/lxml/lxml,2237
HBNetwork/python-decouple,https://github.com/HBNetwork/python-decouple,2288
wkunzhi/Python3-Spider,https://github.com/wkunzhi/Python3-Spider,2358
dabeaz/ply,https://github.com/dabeaz/ply,2375
rytilahti/python-miio,https://github.com/rytilahti/python-miio,2379
pycrypto/pycrypto,https://github.com/pycrypto/pycrypto,2398
microsoft/forecasting,https://github.com/microsoft/forecasting,2401
oilshell/oil,https://github.com/oilshell/oil,2407
kootenpv/yagmail,https://github.com/kootenpv/yagmail,2411
nickoala/telepot,https://github.com/nickoala/telepot,2416
thomasahle/sunfish,https://github.com/thomasahle/sunfish,2445
thp/urlwatch,https://github.com/thp/urlwatch,2456
GeorgeSeif/Semantic-Segmentation-Suite,https://github.com/GeorgeSeif/Semantic-Segmentation-Suite,2458
celery/kombu,https://github.com/celery/kombu,2462
intelowlproject/IntelOwl,https://github.com/intelowlproject/IntelOwl,2466
nickliqian/cnn_captcha,https://github.com/nickliqian/cnn_captcha,2475
PyCQA/flake8,https://github.com/PyCQA/flake8,2490
pydata/pandas-datareader,https://github.com/pydata/pandas-datareader,2492
lukas-blecher/LaTeX-OCR,https://github.com/lukas-blecher/LaTeX-OCR,2493
rlabbe/filterpy,https://github.com/rlabbe/filterpy,2498
Kozea/pygal,https://github.com/Kozea/pygal,2501
dry-python/returns,https://github.com/dry-python/returns,2501
lyft/cartography,https://github.com/lyft/cartography,2507
urwid/urwid,https://github.com/urwid/urwid,2511
dahlia/awesome-sqlalchemy,https://github.com/dahlia/awesome-sqlalchemy,2513
autokey/autokey,https://github.com/autokey/autokey,2515
mhagger/git-imerge,https://github.com/mhagger/git-imerge,2517
simon-weber/gmusicapi,https://github.com/simon-weber/gmusicapi,2518
python-gino/gino,https://github.com/python-gino/gino,2520
mars-project/mars,https://github.com/mars-project/mars,2520
qbittorrent/search-plugins,https://github.com/qbittorrent/search-plugins,2522
huggingface/knockknock,https://github.com/huggingface/knockknock,2522
ets-labs/python-dependency-injector,https://github.com/ets-labs/python-dependency-injector,2524
goldsmith/Wikipedia,https://github.com/goldsmith/Wikipedia,2528
lxgr-linux/pokete,https://github.com/lxgr-linux/pokete,2529
abhiTronix/vidgear,https://github.com/abhiTronix/vidgear,2535
sdushantha/wifi-password,https://github.com/sdushantha/wifi-password,2539
schematics/schematics,https://github.com/schematics/schematics,2541
inducer/pudb,https://github.com/inducer/pudb,2543
VeNoMouS/cloudscraper,https://github.com/VeNoMouS/cloudscraper,2547
hypothesis/h,https://github.com/hypothesis/h,2553
samschott/maestral,https://github.com/samschott/maestral,2558
mkleehammer/pyodbc,https://github.com/mkleehammer/pyodbc,2560
stellargraph/stellargraph,https://github.com/stellargraph/stellargraph,2560
flyingrub/scdl,https://github.com/flyingrub/scdl,2566
cobrateam/splinter,https://github.com/cobrateam/splinter,2577
ranaroussi/quantstats,https://github.com/ranaroussi/quantstats,2579
PetarV-/GAT,https://github.com/PetarV-/GAT,2579
sightmachine/SimpleCV,https://github.com/sightmachine/SimpleCV,2581
ping/instagram_private_api,https://github.com/ping/instagram_private_api,2582
wkentaro/gdown,https://github.com/wkentaro/gdown,2585
cdhigh/KindleEar,https://github.com/cdhigh/KindleEar,2590
onelivesleft/PrettyErrors,https://github.com/onelivesleft/PrettyErrors,2601
nalepae/pandarallel,https://github.com/nalepae/pandarallel,2603
rougier/matplotlib-tutorial,https://github.com/rougier/matplotlib-tutorial,2604
Kozea/Radicale,https://github.com/Kozea/Radicale,2609
jrfonseca/gprof2dot,https://github.com/jrfonseca/gprof2dot,2622
djrobstep/migra,https://github.com/djrobstep/migra,2626
explosion/thinc,https://github.com/explosion/thinc,2626
gwen001/pentest-tools,https://github.com/gwen001/pentest-tools,2637
ehmatthes/pcc,https://github.com/ehmatthes/pcc,2642
QQuick/Transcrypt,https://github.com/QQuick/Transcrypt,2643
Jittor/jittor,https://github.com/Jittor/jittor,2644
sherjilozair/char-rnn-tensorflow,https://github.com/sherjilozair/char-rnn-tensorflow,2646
Neo23x0/Loki,https://github.com/Neo23x0/Loki,2650
noirbizarre/flask-restplus,https://github.com/noirbizarre/flask-restplus,2660
mobolic/facebook-sdk,https://github.com/mobolic/facebook-sdk,2663
joke2k/django-environ,https://github.com/joke2k/django-environ,2664
ourownstory/neural_prophet,https://github.com/ourownstory/neural_prophet,2666
Netflix/bless,https://github.com/Netflix/bless,2675
manrajgrover/halo,https://github.com/manrajgrover/halo,2678
douban/dpark,https://github.com/douban/dpark,2685
RaRe-Technologies/smart_open,https://github.com/RaRe-Technologies/smart_open,2690
jazzband/django-oauth-toolkit,https://github.com/jazzband/django-oauth-toolkit,2700
keithito/tacotron,https://github.com/keithito/tacotron,2706
behave/behave,https://github.com/behave/behave,2732
grantjenks/python-sortedcontainers,https://github.com/grantjenks/python-sortedcontainers,2790
shinnytech/tqsdk-python,https://github.com/shinnytech/tqsdk-python,2815
iswbm/magic-python,https://github.com/iswbm/magic-python,2824
deanishe/alfred-workflow,https://github.com/deanishe/alfred-workflow,2865
pyeve/cerberus,https://github.com/pyeve/cerberus,2881
flyteorg/flyte,https://github.com/flyteorg/flyte,2887
zhaoyingjun/chatbot,https://github.com/zhaoyingjun/chatbot,2893
python-twitter-tools/twitter,https://github.com/python-twitter-tools/twitter,2896
Ulauncher/Ulauncher,https://github.com/Ulauncher/Ulauncher,2904
TheSpeedX/TBomb,https://github.com/TheSpeedX/TBomb,2906
mkaz/termgraph,https://github.com/mkaz/termgraph,2907
Suor/funcy,https://github.com/Suor/funcy,2919
knownsec/pocsuite3,https://github.com/knownsec/pocsuite3,2929
Just-Some-Bots/MusicBot,https://github.com/Just-Some-Bots/MusicBot,2933
rocky/python-uncompyle6,https://github.com/rocky/python-uncompyle6,2934
cea-sec/miasm,https://github.com/cea-sec/miasm,2934
Anorov/cloudflare-scrape,https://github.com/Anorov/cloudflare-scrape,2935
archivy/archivy,https://github.com/archivy/archivy,2936
facebookarchive/python-instagram,https://github.com/facebookarchive/python-instagram,2936
openrazer/openrazer,https://github.com/openrazer/openrazer,2938
golemfactory/clay,https://github.com/golemfactory/clay,2941
praw-dev/praw,https://github.com/praw-dev/praw,2954
joestump/python-oauth2,https://github.com/joestump/python-oauth2,2959
miso-belica/sumy,https://github.com/miso-belica/sumy,2972
vispy/vispy,https://github.com/vispy/vispy,2976
what-studio/profiling,https://github.com/what-studio/profiling,2979
joblib/joblib,https://github.com/joblib/joblib,2982
nyaadevs/nyaa,https://github.com/nyaadevs/nyaa,2988
metabrainz/picard,https://github.com/metabrainz/picard,2996
life4/textdistance,https://github.com/life4/textdistance,2999
FactoryBoy/factory_boy,https://github.com/FactoryBoy/factory_boy,3000
tartley/colorama,https://github.com/tartley/colorama,3001
brennerm/PyTricks,https://github.com/brennerm/PyTricks,3002
antiboredom/videogrep,https://github.com/antiboredom/videogrep,3009
0rpc/zerorpc-python,https://github.com/0rpc/zerorpc-python,3019
neuml/txtai,https://github.com/neuml/txtai,3020
kernc/backtesting.py,https://github.com/kernc/backtesting.py,3025
pyqtgraph/pyqtgraph,https://github.com/pyqtgraph/pyqtgraph,3027
benfred/implicit,https://github.com/benfred/implicit,3029
OpenShot/openshot-qt,https://github.com/OpenShot/openshot-qt,3046
cysmith/neural-style-tf,https://github.com/cysmith/neural-style-tf,3048
thearn/webcam-pulse-detector,https://github.com/thearn/webcam-pulse-detector,3048
confluentinc/confluent-kafka-python,https://github.com/confluentinc/confluent-kafka-python,3052
Python-Markdown/markdown,https://github.com/Python-Markdown/markdown,3068
secretsquirrel/the-backdoor-factory,https://github.com/secretsquirrel/the-backdoor-factory,3068
guohongze/adminset,https://github.com/guohongze/adminset,3073
ponyorm/pony,https://github.com/ponyorm/pony,3073
leon-thomm/Ryven,https://github.com/leon-thomm/Ryven,3083
pyrogram/pyrogram,https://github.com/pyrogram/pyrogram,3084
pypi/warehouse,https://github.com/pypi/warehouse,3088
pika/pika,https://github.com/pika/pika,3092
prometheus/client_python,https://github.com/prometheus/client_python,3115
websocket-client/websocket-client,https://github.com/websocket-client/websocket-client,3126
RhinoSecurityLabs/pacu,https://github.com/RhinoSecurityLabs/pacu,3137
miguelgrinberg/python-socketio,https://github.com/miguelgrinberg/python-socketio,3140
erikbern/ann-benchmarks,https://github.com/erikbern/ann-benchmarks,3142
aiortc/aiortc,https://github.com/aiortc/aiortc,3143
wookayin/gpustat,https://github.com/wookayin/gpustat,3144
eon01/kubernetes-workshop,https://github.com/eon01/kubernetes-workshop,3154
jpadilla/django-rest-framework-jwt,https://github.com/jpadilla/django-rest-framework-jwt,3155
encode/databases,https://github.com/encode/databases,3175
rawpython/remi,https://github.com/rawpython/remi,3175
peterbrittain/asciimatics,https://github.com/peterbrittain/asciimatics,3186
motioneye-project/motioneye,https://github.com/motioneye-project/motioneye,3189
awslabs/gluonts,https://github.com/awslabs/gluonts,3191
skulpt/skulpt,https://github.com/skulpt/skulpt,3195
ssut/py-googletrans,https://github.com/ssut/py-googletrans,3198
hudson-and-thames/mlfinlab,https://github.com/hudson-and-thames/mlfinlab,3199
feeluown/FeelUOwn,https://github.com/feeluown/FeelUOwn,3203
boppreh/keyboard,https://github.com/boppreh/keyboard,3204
urllib3/urllib3,https://github.com/urllib3/urllib3,3209
hamuchiwa/AutoRCCar,https://github.com/hamuchiwa/AutoRCCar,3211
sloria/doitlive,https://github.com/sloria/doitlive,3215
zeromq/pyzmq,https://github.com/zeromq/pyzmq,3219
tensorflow/hub,https://github.com/tensorflow/hub,3220
huashengdun/webssh,https://github.com/huashengdun/webssh,3220
r0x0r/pywebview,https://github.com/r0x0r/pywebview,3220
trailofbits/manticore,https://github.com/trailofbits/manticore,3228
spotify/chartify,https://github.com/spotify/chartify,3235
aws/aws-sdk-pandas,https://github.com/aws/aws-sdk-pandas,3237
novnc/websockify,https://github.com/novnc/websockify,3241
aziz/PlainTasks,https://github.com/aziz/PlainTasks,3259
wechatpy/wechatpy,https://github.com/wechatpy/wechatpy,3263
has2k1/plotnine,https://github.com/has2k1/plotnine,3264
WeblateOrg/weblate,https://github.com/WeblateOrg/weblate,3265
tortoise/tortoise-orm,https://github.com/tortoise/tortoise-orm,3266
beeware/toga,https://github.com/beeware/toga,3301
h2oai/wave,https://github.com/h2oai/wave,3307
gaojiuli/toapi,https://github.com/gaojiuli/toapi,3337
pypa/hatch,https://github.com/pypa/hatch,3342
python-openxml/python-docx,https://github.com/python-openxml/python-docx,3349
rspeer/python-ftfy,https://github.com/rspeer/python-ftfy,3368
ResidentMario/missingno,https://github.com/ResidentMario/missingno,3381
slackapi/python-slack-sdk,https://github.com/slackapi/python-slack-sdk,3499
je-suis-tm/quant-trading,https://github.com/je-suis-tm/quant-trading,3528
tmux-python/tmuxp,https://github.com/tmux-python/tmuxp,3540
commixproject/commix,https://github.com/commixproject/commix,3560
taoufik07/responder,https://github.com/taoufik07/responder,3565
rkern/line_profiler,https://github.com/rkern/line_profiler,3596
astropy/astropy,https://github.com/astropy/astropy,3600
quantumlib/Cirq,https://github.com/quantumlib/Cirq,3602
aaPanel/BaoTa,https://github.com/aaPanel/BaoTa,3609
ckan/ckan,https://github.com/ckan/ckan,3613
evhub/coconut,https://github.com/evhub/coconut,3621
yhat/ggpy,https://github.com/yhat/ggpy,3637
imWildCat/scylla,https://github.com/imWildCat/scylla,3638
searxng/searxng,https://github.com/searxng/searxng,3654
pythonprofilers/memory_profiler,https://github.com/pythonprofilers/memory_profiler,3667
drathier/stack-overflow-import,https://github.com/drathier/stack-overflow-import,3668
vitalik/django-ninja,https://github.com/vitalik/django-ninja,3718
mongodb/mongo-python-driver,https://github.com/mongodb/mongo-python-driver,3728
Baekalfen/PyBoy,https://github.com/Baekalfen/PyBoy,3735
qtile/qtile,https://github.com/qtile/qtile,3738
pyinvoke/invoke,https://github.com/pyinvoke/invoke,3749
Sentdex/pygta5,https://github.com/Sentdex/pygta5,3751
geopy/geopy,https://github.com/geopy/geopy,3819
jamalex/notion-py,https://github.com/jamalex/notion-py,3874
MongoEngine/mongoengine,https://github.com/MongoEngine/mongoengine,3905
python-attrs/attrs,https://github.com/python-attrs/attrs,4535
madmaze/pytesseract,https://github.com/madmaze/pytesseract,4540
gregmalcolm/python_koans,https://github.com/gregmalcolm/python_koans,4617
cloudtools/troposphere,https://github.com/cloudtools/troposphere,4783
sammchardy/python-binance,https://github.com/sammchardy/python-binance,4960
longld/peda,https://github.com/longld/peda,5261
theskumar/python-dotenv,https://github.com/theskumar/python-dotenv,5463
shmilylty/OneForAll,https://github.com/shmilylty/OneForAll,5708
kellyjonbrazil/jc,https://github.com/kellyjonbrazil/jc,5724
MagicStack/asyncpg,https://github.com/MagicStack/asyncpg,5737
webpy/webpy,https://github.com/webpy/webpy,5750
chainer/chainer,https://github.com/chainer/chainer,5751
k4yt3x/video2x,https://github.com/k4yt3x/video2x,5756
pythonstock/stock,https://github.com/pythonstock/stock,5832
snare/voltron,https://github.com/snare/voltron,5839
domlysz/BlenderGIS,https://github.com/domlysz/BlenderGIS,5841
donnemartin/dev-setup,https://github.com/donnemartin/dev-setup,5846
gevent/gevent,https://github.com/gevent/gevent,5851
Shougo/deoplete.nvim,https://github.com/Shougo/deoplete.nvim,5853
brython-dev/brython,https://github.com/brython-dev/brython,5883
encode/uvicorn,https://github.com/encode/uvicorn,5917
shadowsocksr-backup/shadowsocksr,https://github.com/shadowsocksr-backup/shadowsocksr,5935
worldveil/dejavu,https://github.com/worldveil/dejavu,5937
b-ryan/powerline-shell,https://github.com/b-ryan/powerline-shell,5956
isnowfy/snownlp,https://github.com/isnowfy/snownlp,5960
dagster-io/dagster,https://github.com/dagster-io/dagster,5967
mahmoud/boltons,https://github.com/mahmoud/boltons,5968
lutris/lutris,https://github.com/lutris/lutris,5976
python-visualization/folium,https://github.com/python-visualization/folium,6003
1adrianb/face-alignment,https://github.com/1adrianb/face-alignment,6009
lining0806/PythonSpiderNotes,https://github.com/lining0806/PythonSpiderNotes,6015
lancopku/pkuseg-python,https://github.com/lancopku/pkuseg-python,6026
spesmilo/electrum,https://github.com/spesmilo/electrum,6040
MycroftAI/mycroft-core,https://github.com/MycroftAI/mycroft-core,6061
nl8590687/ASRT_SpeechRecognition,https://github.com/nl8590687/ASRT_SpeechRecognition,6063
googleapis/google-api-python-client,https://github.com/googleapis/google-api-python-client,6134
aws/aws-sam-cli,https://github.com/aws/aws-sam-cli,6151
saulpw/visidata,https://github.com/saulpw/visidata,6164
eternnoir/pyTelegramBotAPI,https://github.com/eternnoir/pyTelegramBotAPI,6314
sqlalchemy/sqlalchemy,https://github.com/sqlalchemy/sqlalchemy,6400
alteryx/featuretools,https://github.com/alteryx/featuretools,6406
robinhood/faust,https://github.com/robinhood/faust,6413
stanfordnlp/stanza,https://github.com/stanfordnlp/stanza,6413
fmfn/BayesianOptimization,https://github.com/fmfn/BayesianOptimization,6430
Jack-Cherish/PythonPark,https://github.com/Jack-Cherish/PythonPark,6468
houtianze/bypy,https://github.com/houtianze/bypy,6600
OctoPrint/OctoPrint,https://github.com/OctoPrint/OctoPrint,7045
luyishisi/Anti-Anti-Spider,https://github.com/luyishisi/Anti-Anti-Spider,7072
tensorlayer/TensorLayer,https://github.com/tensorlayer/TensorLayer,7118
PyMySQL/PyMySQL,https://github.com/PyMySQL/PyMySQL,7130
gelstudios/gitfiti,https://github.com/gelstudios/gitfiti,7138
lbryio/lbry-sdk,https://github.com/lbryio/lbry-sdk,7160
pymc-devs/pymc,https://github.com/pymc-devs/pymc,7172
LonamiWebs/Telethon,https://github.com/LonamiWebs/Telethon,7181
coqui-ai/TTS,https://github.com/coqui-ai/TTS,7210
kivy/python-for-android,https://github.com/kivy/python-for-android,7219
optuna/optuna,https://github.com/optuna/optuna,7254
a1studmuffin/SpaceshipGenerator,https://github.com/a1studmuffin/SpaceshipGenerator,7272
jofpin/trape,https://github.com/jofpin/trape,7272
spyder-ide/spyder,https://github.com/spyder-ide/spyder,7288
donnemartin/gitsome,https://github.com/donnemartin/gitsome,7334
readthedocs/readthedocs.org,https://github.com/readthedocs/readthedocs.org,7336
n1nj4sec/pupy,https://github.com/n1nj4sec/pupy,7354
OlafenwaMoses/ImageAI,https://github.com/OlafenwaMoses/ImageAI,7365
vaexio/vaex,https://github.com/vaexio/vaex,7426
seemoo-lab/opendrop,https://github.com/seemoo-lab/opendrop,7450
crazyguitar/pysheeet,https://github.com/crazyguitar/pysheeet,7473
asweigart/pyautogui,https://github.com/asweigart/pyautogui,7474
graphql-python/graphene,https://github.com/graphql-python/graphene,7482
cython/cython,https://github.com/cython/cython,7494
danielgatis/rembg,https://github.com/danielgatis/rembg,7528
mopidy/mopidy,https://github.com/mopidy/mopidy,7552
kkroening/ffmpeg-python,https://github.com/kkroening/ffmpeg-python,7584
soxoj/maigret,https://github.com/soxoj/maigret,7597
robotframework/robotframework,https://github.com/robotframework/robotframework,7602
microsoft/playwright-python,https://github.com/microsoft/playwright-python,7613
encode/starlette,https://github.com/encode/starlette,7645
fail2ban/fail2ban,https://github.com/fail2ban/fail2ban,7689
pyro-ppl/pyro,https://github.com/pyro-ppl/pyro,7694
laramies/theHarvester,https://github.com/laramies/theHarvester,7695
docopt/docopt,https://github.com/docopt/docopt,7706
boto/boto3,https://github.com/boto/boto3,7747
unifyai/ivy,https://github.com/unifyai/ivy,7773
ocrmypdf/OCRmyPDF,https://github.com/ocrmypdf/OCRmyPDF,7800
rbgirshick/py-faster-rcnn,https://github.com/rbgirshick/py-faster-rcnn,7808
Nuitka/Nuitka,https://github.com/Nuitka/Nuitka,7810
pytube/pytube,https://github.com/pytube/pytube,7815
bottlepy/bottle,https://github.com/bottlepy/bottle,7816
kedro-org/kedro,https://github.com/kedro-org/kedro,7865
altair-viz/altair,https://github.com/altair-viz/altair,7910
miguelgrinberg/flasky,https://github.com/miguelgrinberg/flasky,7960
statsmodels/statsmodels,https://github.com/statsmodels/statsmodels,7963
wangshub/Douyin-Bot,https://github.com/wangshub/Douyin-Bot,7978
paramiko/paramiko,https://github.com/paramiko/paramiko,8009
ranaroussi/yfinance,https://github.com/ranaroussi/yfinance,8023
modin-project/modin,https://github.com/modin-project/modin,8112
Manisso/fsociety,https://github.com/Manisso/fsociety,8142
arrow-py/arrow,https://github.com/arrow-py/arrow,8146
clips/pattern,https://github.com/clips/pattern,8352
sloria/TextBlob,https://github.com/sloria/TextBlob,8372
pypa/pip,https://github.com/pypa/pip,8389
httpie/http-prompt,https://github.com/httpie/http-prompt,8603
MrS0m30n3/youtube-dl-gui,https://github.com/MrS0m30n3/youtube-dl-gui,8633
rq/rq,https://github.com/rq/rq,8637
ludwig-ai/ludwig,https://github.com/ludwig-ai/ludwig,8644
benoitc/gunicorn,https://github.com/benoitc/gunicorn,8658
keras-team/autokeras,https://github.com/keras-team/autokeras,8668
seatgeek/fuzzywuzzy,https://github.com/seatgeek/fuzzywuzzy,8776
borgbackup/borg,https://github.com/borgbackup/borg,8846
jopohl/urh,https://github.com/jopohl/urh,8898
giampaolo/psutil,https://github.com/giampaolo/psutil,8903
pallets/jinja,https://github.com/pallets/jinja,8914
falconry/falcon,https://github.com/falconry/falcon,8960
cyrus-and/gdb-dashboard,https://github.com/cyrus-and/gdb-dashboard,8984
tiangolo/sqlmodel,https://github.com/tiangolo/sqlmodel,9010
django-cms/django-cms,https://github.com/django-cms/django-cms,9031
amueller/word_cloud,https://github.com/amueller/word_cloud,9138
s0md3v/Photon,https://github.com/s0md3v/Photon,9184
pre-commit/pre-commit,https://github.com/pre-commit/pre-commit,9281
tweepy/tweepy,https://github.com/tweepy/tweepy,9326
aws/chalice,https://github.com/aws/chalice,9330
pyodide/pyodide,https://github.com/pyodide/pyodide,9365
x-hw/amazing-qr,https://github.com/x-hw/amazing-qr,9403
bloomberg/memray,https://github.com/bloomberg/memray,9640
dbader/schedule,https://github.com/dbader/schedule,10293
python-pillow/Pillow,https://github.com/python-pillow/Pillow,10345
iterative/dvc,https://github.com/iterative/dvc,10734
dbcli/pgcli,https://github.com/dbcli/pgcli,10778
dmlc/dgl,https://github.com/dmlc/dgl,10805
PySimpleGUI/PySimpleGUI,https://github.com/PySimpleGUI/PySimpleGUI,10901
Chia-Network/chia-blockchain,https://github.com/Chia-Network/chia-blockchain,10951
redis/redis-py,https://github.com/redis/redis-py,10968
kitao/pyxel,https://github.com/kitao/pyxel,11014
Ciphey/Ciphey,https://github.com/Ciphey/Ciphey,11024
wistbean/learn_python3_spider,https://github.com/wistbean/learn_python3_spider,11246
albumentations-team/albumentations,https://github.com/albumentations-team/albumentations,11261
nltk/nltk,https://github.com/nltk/nltk,11280
beetbox/beets,https://github.com/beetbox/beets,11289
postmanlabs/httpbin,https://github.com/postmanlabs/httpbin,11297
wifiphisher/wifiphisher,https://github.com/wifiphisher/wifiphisher,11300
allenai/allennlp,https://github.com/allenai/allennlp,11314
SFTtech/openage,https://github.com/SFTtech/openage,11386
meolu/walle-web,https://github.com/meolu/walle-web,11562
netbox-community/netbox,https://github.com/netbox-community/netbox,11582
ansible/awx,https://github.com/ansible/awx,11648
pydantic/pydantic,https://github.com/pydantic/pydantic,11823
waditu/tushare,https://github.com/waditu/tushare,11852
Rapptz/discord.py,https://github.com/Rapptz/discord.py,11853
Miserlou/Zappa,https://github.com/Miserlou/Zappa,11888
networkx/networkx,https://github.com/networkx/networkx,11908
ManimCommunity/manim,https://github.com/ManimCommunity/manim,12151
searx/searx,https://github.com/searx/searx,12277
microsoft/nni,https://github.com/microsoft/nni,12281
codelucas/newspaper,https://github.com/codelucas/newspaper,12288
frappe/erpnext,https://github.com/frappe/erpnext,12314
sivel/speedtest-cli,https://github.com/sivel/speedtest-cli,12393
plotly/plotly.py,https://github.com/plotly/plotly.py,12550
gunthercox/ChatterBot,https://github.com/gunthercox/ChatterBot,12695
psf/requests-html,https://github.com/psf/requests-html,12826
saltstack/salt,https://github.com/saltstack/salt,12888
google/yapf,https://github.com/google/yapf,12938
pyecharts/pyecharts,https://github.com/pyecharts/pyecharts,13000
aio-libs/aiohttp,https://github.com/aio-libs/aiohttp,13074
pallets/click,https://github.com/pallets/click,13243
Delgan/loguru,https://github.com/Delgan/loguru,13494
powerline/powerline,https://github.com/powerline/powerline,13605
fabric/fabric,https://github.com/fabric/fabric,13743
wangshub/wechat_jump_game,https://github.com/wangshub/wechat_jump_game,13866
kovidgoyal/calibre,https://github.com/kovidgoyal/calibre,13878
twintproject/twint,https://github.com/twintproject/twint,14136
python/mypy,https://github.com/python/mypy,14271
wting/autojump,https://github.com/wting/autojump,14421
microsoft/recommenders,https://github.com/microsoft/recommenders,14622
ArchiveBox/ArchiveBox,https://github.com/ArchiveBox/ArchiveBox,14653
InstaPy/InstaPy,https://github.com/InstaPy/InstaPy,14833
pyscript/pyscript,https://github.com/pyscript/pyscript,15033
joke2k/faker,https://github.com/joke2k/faker,15127
facebook/prophet,https://github.com/facebook/prophet,15234
kivy/kivy,https://github.com/kivy/kivy,15259
alievk/avatarify-python,https://github.com/alievk/avatarify-python,15279
cool-RR/PySnooper,https://github.com/cool-RR/PySnooper,15389
mkdocs/mkdocs,https://github.com/mkdocs/mkdocs,15422
Jack-Cherish/python-spider,https://github.com/Jack-Cherish/python-spider,15552
ipython/ipython,https://github.com/ipython/ipython,15603
quantopian/zipline,https://github.com/quantopian/zipline,15615
binux/pyspider,https://github.com/binux/pyspider,15668
spotify/luigi,https://github.com/spotify/luigi,16171
Textualize/textual,https://github.com/Textualize/textual,16302
JaidedAI/EasyOCR,https://github.com/JaidedAI/EasyOCR,16438
matplotlib/matplotlib,https://github.com/matplotlib/matplotlib,16501
jhao104/proxy_pool,https://github.com/jhao104/proxy_pool,16644
sanic-org/sanic,https://github.com/sanic-org/sanic,16658
zulip/zulip,https://github.com/zulip/zulip,16834
AtsushiSakai/PythonRobotics,https://github.com/AtsushiSakai/PythonRobotics,16899
chriskiehl/Gooey,https://github.com/chriskiehl/Gooey,16929
bokeh/bokeh,https://github.com/bokeh/bokeh,16960
saleor/saleor,https://github.com/saleor/saleor,17570
plotly/dash,https://github.com/plotly/dash,17740
vnpy/vnpy,https://github.com/vnpy/vnpy,19581
Lightning-AI/lightning,https://github.com/Lightning-AI/lightning,20838
tornadoweb/tornado,https://github.com/tornadoweb/tornado,20884
deezer/spleeter,https://github.com/deezer/spleeter,20944
google/jax,https://github.com/google/jax,21068
streamlit/streamlit,https://github.com/streamlit/streamlit,21673
nicolargo/glances,https://github.com/nicolargo/glances,21859
numpy/numpy,https://github.com/numpy/numpy,22122
getredash/redash,https://github.com/getredash/redash,22258
python-poetry/poetry,https://github.com/python-poetry/poetry,22808
ray-project/ray,https://github.com/ray-project/ray,22937
google/python-fire,https://github.com/google/python-fire,23421
tqdm/tqdm,https://github.com/tqdm/tqdm,23474
pypa/pipenv,https://github.com/pypa/pipenv,23487
encode/django-rest-framework,https://github.com/encode/django-rest-framework,24585
explosion/spaCy,https://github.com/explosion/spaCy,24705
httpie/httpie,https://github.com/httpie/httpie,25066
sqlmapproject/sqlmap,https://github.com/sqlmapproject/sqlmap,25436
apache/airflow,https://github.com/apache/airflow,28350
mitmproxy/mitmproxy,https://github.com/mitmproxy/mitmproxy,29460
certbot/certbot,https://github.com/certbot/certbot,29467
psf/black,https://github.com/psf/black,30365
getsentry/sentry,https://github.com/getsentry/sentry,32722
yt-dlp/yt-dlp,https://github.com/yt-dlp/yt-dlp,35839
pandas-dev/pandas,https://github.com/pandas-dev/pandas,36149
sherlock-project/sherlock,https://github.com/sherlock-project/sherlock,37596
CorentinJ/Real-Time-Voice-Cloning,https://github.com/CorentinJ/Real-Time-Voice-Cloning,38085
Textualize/rich,https://github.com/Textualize/rich,40953
localstack/localstack,https://github.com/localstack/localstack,45035
scrapy/scrapy,https://github.com/scrapy/scrapy,45281
ageitgey/face_recognition,https://github.com/ageitgey/face_recognition,46674
3b1b/manim,https://github.com/3b1b/manim,48492
python/cpython,https://github.com/python/cpython,49302
tiangolo/fastapi,https://github.com/tiangolo/fastapi,52187
scikit-learn/scikit-learn,https://github.com/scikit-learn/scikit-learn,52238
ansible/ansible,https://github.com/ansible/ansible,55640
home-assistant/core,https://github.com/home-assistant/core,56427
keras-team/keras,https://github.com/keras-team/keras,56772
pallets/flask,https://github.com/pallets/flask,61243
huggingface/transformers,https://github.com/huggingface/transformers,75397
